Issue Type,Summary,Description,Priority,Story Points,Sprint,Labels,Epic
Story,Entrevistas con el área de servicio al cliente,Como PM quiero entrevistar a los agentes para identificar las consultas más frecuentes y sus dolores.,High,3,Sprint 1,asistia e1,E1. Descubrimiento y caso de negocio
Story,Análisis del volumen y tipología de consultas,Como PO quiero clasificar las consultas históricas para saber cuáles se pueden automatizar.,High,5,Sprint 1,asistia e1,E1. Descubrimiento y caso de negocio
Story,Definición de métricas de éxito y línea base,Como patrocinador quiero métricas claras para saber si el proyecto generó valor.,Highest,3,Sprint 1,asistia e1,E1. Descubrimiento y caso de negocio
Story,Validación del caso de negocio con el patrocinador,Como PM quiero validar el caso de negocio para obtener la autorización formal del proyecto.,Highest,2,Sprint 1,asistia e1,E1. Descubrimiento y caso de negocio
Story,Inventario de fuentes de información,"Como equipo quiero inventariar FAQ, manuales y tickets para conocer el material disponible.",High,3,Sprint 1,asistia e2,"E2. Datos: fuentes, calidad y gobierno"
Story,Extracción y limpieza del corpus documental,Como equipo quiero un corpus limpio y estructurado para que el asistente responda con información correcta.,Highest,8,Sprint 2,asistia e2,"E2. Datos: fuentes, calidad y gobierno"
Story,Política de datos personales y anonimización,Como oficial de datos quiero que los datos de clientes se anonimicen para cumplir la Ley 1581.,Highest,5,Sprint 2,asistia e2,"E2. Datos: fuentes, calidad y gobierno"
Story,Proceso de actualización periódica del corpus,Como PO quiero un proceso definido de actualización para que la información no quede obsoleta.,Medium,3,Sprint 3,asistia e2,"E2. Datos: fuentes, calidad y gobierno"
Story,Selección del modelo y del enfoque técnico,Como equipo quiero evaluar alternativas de modelo y enfoque para elegir la más adecuada al caso.,Highest,5,Sprint 2,asistia e3,E3. Modelo de IA: línea base y evaluación
Story,Prototipo de línea base de respuestas,Como PO quiero un prototipo funcional para validar tempranamente la calidad de las respuestas.,Highest,8,Sprint 3,asistia e3,E3. Modelo de IA: línea base y evaluación
Story,Conjunto de evaluación con 200 preguntas reales,Como QA quiero un conjunto de evaluación para medir objetivamente el acierto del asistente.,High,5,Sprint 3,asistia e3,E3. Modelo de IA: línea base y evaluación
Story,Iteración de mejora sobre los resultados de evaluación,Como equipo quiero iterar sobre los errores detectados para superar el 85 % de acierto.,Highest,8,Sprint 4,asistia e3,E3. Modelo de IA: línea base y evaluación
Story,Definición de la arquitectura de la solución,Como equipo quiero una arquitectura definida para construir sobre una base técnica acordada.,High,5,Sprint 1,asistia e4,E4. Plataforma e infraestructura
Story,"Ambientes de desarrollo, pruebas y producción",Como TI quiero ambientes separados para no afectar la operación durante el desarrollo.,High,5,Sprint 2,asistia e4,E4. Plataforma e infraestructura
Story,"Repositorio, control de versiones e integración continua",Como equipo quiero versionamiento e integración continua para trabajar de forma ordenada.,Medium,3,Sprint 2,asistia e4,E4. Plataforma e infraestructura
Story,"Monitoreo de uso, calidad y costos",Como PM quiero monitorear uso y costos para controlar el presupuesto operativo del asistente.,High,5,Sprint 4,asistia e4,E4. Plataforma e infraestructura
Story,Mapa de experiencia del usuario,Como diseñador quiero mapear el recorrido del cliente para detectar los momentos críticos.,Medium,3,Sprint 2,asistia e5,E5. Producto y experiencia de usuario
Story,Prototipo de interfaz del asistente,Como cliente quiero una interfaz clara para resolver mi consulta sin fricción.,High,5,Sprint 3,asistia e5,E5. Producto y experiencia de usuario
Story,Diseño de respuestas y tono de la marca,Como jefe de servicio quiero que el asistente hable con el tono de la marca para cuidar la imagen.,Medium,3,Sprint 3,asistia e5,E5. Producto y experiencia de usuario
Story,Manejo de errores y derivación a agente humano,Como cliente quiero poder hablar con una persona cuando el asistente no resuelva mi caso.,Highest,5,Sprint 4,asistia e5,E5. Producto y experiencia de usuario
Story,API de integración con el canal web,Como TI quiero exponer el asistente por API para integrarlo al sitio web actual.,Highest,8,Sprint 4,asistia e6,E6. Integración y despliegue
Story,Integración con el sistema de tickets,Como agente quiero que las derivaciones lleguen al sistema de tickets para no perder trazabilidad.,High,8,Sprint 5,asistia e6,E6. Integración y despliegue
Story,Autenticación y control de acceso,Como TI quiero controlar los accesos para proteger la información de la empresa.,High,5,Sprint 5,asistia e6,E6. Integración y despliegue
Story,Despliegue a producción con plan de reversión,Como PM quiero un despliegue controlado con plan de reversión para reducir el riesgo operativo.,Highest,5,Sprint 6,asistia e6,E6. Integración y despliegue
Story,Evaluación de sesgos y respuestas inapropiadas,Como oficial de cumplimiento quiero evaluar sesgos para evitar daños reputacionales.,High,5,Sprint 3,asistia e7,E7. IA responsable y cumplimiento
Story,Filtros de contenido y límites del asistente,Como PO quiero límites claros de lo que el asistente puede responder para evitar respuestas indebidas.,Highest,5,Sprint 4,asistia e7,E7. IA responsable y cumplimiento
Story,Revisión legal de privacidad y tratamiento de datos,Como oficial de datos quiero revisar el tratamiento de datos para cumplir la normativa vigente.,Highest,3,Sprint 4,asistia e7,E7. IA responsable y cumplimiento
Story,Documento de IA responsable y aviso al usuario,Como cliente quiero saber que hablo con una IA para decidir si prefiero un agente humano.,High,3,Sprint 5,asistia e7,E7. IA responsable y cumplimiento
Story,Plan de pruebas y criterios de aceptación,Como QA quiero un plan de pruebas para verificar sistemáticamente cada entrega.,High,3,Sprint 3,asistia e8,E8. Pruebas y aseguramiento de calidad
Story,Pruebas funcionales del asistente,Como QA quiero ejecutar pruebas funcionales para detectar defectos antes del piloto.,High,5,Sprint 5,asistia e8,E8. Pruebas y aseguramiento de calidad
Story,Pruebas de carga y tiempo de respuesta,Como TI quiero validar el desempeño bajo carga para garantizar la disponibilidad del canal.,High,5,Sprint 5,asistia e8,E8. Pruebas y aseguramiento de calidad
Story,Prueba piloto con usuarios reales,Como patrocinador quiero un piloto controlado para decidir el paso a producción con evidencia.,Highest,8,Sprint 6,asistia e8,E8. Pruebas y aseguramiento de calidad
Story,Acta constitutiva y tablero de Jira configurado,Como PM quiero el proyecto formalizado y el tablero configurado para gestionar la ejecución.,Highest,3,Sprint 1,asistia e9,E9. Gobernanza y gestión del proyecto
Story,Registro de riesgos y plan de escalamiento,Como PM quiero un registro de riesgos activo para anticipar problemas y saber cuándo escalar.,High,3,Sprint 1,asistia e9,E9. Gobernanza y gestión del proyecto
Story,Informe de avance y métricas por sprint,Como patrocinador quiero informes periódicos para conocer el avance real del proyecto.,Medium,3,Sprint 3,asistia e9,E9. Gobernanza y gestión del proyecto
Story,Cierre del proyecto y lecciones aprendidas,Como PM quiero cerrar formalmente el proyecto para documentar resultados y aprendizajes.,Medium,3,Sprint 6,asistia e9,E9. Gobernanza y gestión del proyecto
Story,Material de capacitación para agentes,Como agente quiero material de apoyo para aprender a trabajar junto al asistente.,Medium,3,Sprint 5,asistia e10,"E10. Adopción, capacitación y soporte"
Story,Sesiones de capacitación al equipo de servicio,Como jefe de servicio quiero capacitar al equipo para asegurar la adopción de la herramienta.,High,3,Sprint 6,asistia e10,"E10. Adopción, capacitación y soporte"
Story,Manual de operación y soporte,Como TI quiero un manual de operación para sostener la solución después del proyecto.,Medium,3,Sprint 6,asistia e10,"E10. Adopción, capacitación y soporte"
Story,Plan de adopción y comunicación interna,Como PM quiero comunicar el cambio para reducir la resistencia del equipo.,Medium,2,Sprint 6,asistia e10,"E10. Adopción, capacitación y soporte"
